# Static files - serve as-is
/sitemap.xml   /sitemap.xml   200
/robots.txt    /robots.txt    200
/manifest.json /manifest.json 200

# Remove trailing slashes (prevents duplicate content)
/*/ /:splat 301!

# 301 Redirects - permanent redirects for SEO (prevents duplicate content)
/index.html         /                   301
/index              /                   301
/home               /                   301

# Legacy city pages (old sitemap URLs) -> current LTB city pages (Ontario)
/legal-help-toronto       /ltb-toronto        301
/legal-help-ottawa        /ltb-ottawa         301
/legal-help-mississauga   /ltb-mississauga    301
/legal-help-brampton      /ltb-brampton       301
/legal-help-hamilton      /ltb-hamilton       301
/legal-help-london        /ltb-london         301
/legal-help-markham       /ltb-markham        301
/legal-help-vaughan       /ltb-vaughan        301
/legal-help-kitchener     /ltb-kitchener      301
/legal-help-windsor       /ltb-windsor        301

# Non-Ontario cities -> redirect to triage (fixes soft 404s)
/legal-help-edmonton      /triage             301
/legal-help-vancouver     /triage             301
/legal-help-calgary       /triage             301
/legal-help-montreal      /triage             301
/legal-help-winnipeg      /triage             301

# Any other legacy /legal-help-* URLs -> triage
/legal-help-*             /triage             301

# Auth redirect (no standalone auth page)
/auth               /welcome            301

/terms-of-use       /terms              301
/termsofservice     /terms              301
/signup             /welcome            301
/login              /welcome            301
/generate           /forms              301
/download           /templates          301
/small-claims       /small-claims-journey 301

# Proper 404s for non-existent pages (prevents soft 404s in Google Search Console)
/account            /not-found          404
/timeline           /not-found          404
/demo-video         /not-found          404
/blog/evidence-organization  /not-found 404
/blog/*             /blog               301
/docs               /legal-resources    301
/docs/*             /legal-resources    301
/config.json        /not-found          404
/payments/*         /not-found          404
/entitlements       /not-found          404
/founders-story     /not-found          404

# SPA fallback - all other routes go to index.html
/*                  /index.html         200
